Series Name,Series Code,Country Name,Country Code,1990 [YR1990],2000 [YR2000],2014 [YR2014],2015 [YR2015],2016 [YR2016],2017 [YR2017],2018 [YR2018],2019 [YR2019],2020 [YR2020],2021 [YR2021],2022 [YR2022],2023 [YR2023]
GDP (current US$),NY.GDP.MKTP.CD,Afghanistan,AFG,..,3521418060,20497128556,19134221645,18116572395,18753456498,18053222687,18799444490,19955929052,14266499430,14502158192,..
GDP (current US$),NY.GDP.MKTP.CD,Albania,ALB,2028553750,3480355258,13228147516,11386853113,11861199831,13019726212,15156424015,15401826127,15162734205,17930565119,18916378861,22977677861
GDP (current US$),NY.GDP.MKTP.CD,Algeria,DZA,62048507531,54790398570,2.38943E+11,1.87494E+11,1.80764E+11,1.89881E+11,1.94554E+11,1.9346E+11,1.64873E+11,1.86265E+11,2.2556E+11,2.39899E+11
GDP (current US$),NY.GDP.MKTP.CD,American Samoa,ASM,..,..,643000000,673000000,671000000,612000000,639000000,647000000,721000000,750000000,871000000,..
GDP (current US$),NY.GDP.MKTP.CD,Andorra,AND,1028989692,1432606189,3271685597,2789881259,2896610480,3000162081,3218419897,3155149348,2891001149,3324683012,3380602043,3727673593
GDP (current US$),NY.GDP.MKTP.CD,Angola,AGO,..,9129594970,1.35967E+11,90496420507,52761617226,73690154991,79450688259,70897962732,48501561204,66505129988,1.044E+11,84722957642
GDP (current US$),NY.GDP.MKTP.CD,Antigua and Barbuda,ATG,478692592.6,900551851.9,1378829630,1437755556,1489692593,1531151852,1661529630,1725351852,1410796296,1601366667,1867733333,2033085185
GDP (current US$),NY.GDP.MKTP.CD,Argentina,ARG,1.41353E+11,2.84204E+11,5.2632E+11,5.94749E+11,5.57532E+11,6.43628E+11,5.2482E+11,4.47755E+11,3.85741E+11,4.87903E+11,6.31133E+11,6.40591E+11
GDP (current US$),NY.GDP.MKTP.CD,Armenia,ARM,2256863449,1911563669,11609513247,10553337518,10546136236,11527458709,12457940695,13619290539,12641698583,13878908629,19513474648,24212134631
GDP (current US$),NY.GDP.MKTP.CD,Aruba,ABW,764804469.3,1873452514,2790849721,2962907263,2983635196,3092429050,3276184358,3395798883,2558906304,3103184102,3544707788,..
GDP (current US$),NY.GDP.MKTP.CD,Australia,AUS,3.11421E+11,4.16168E+11,1.4686E+12,1.35177E+12,1.20758E+12,1.32688E+12,1.42973E+12,1.39467E+12,1.33038E+12,1.55903E+12,1.69296E+12,1.72383E+12
GDP (current US$),NY.GDP.MKTP.CD,Austria,AUT,1.66463E+11,1.9729E+11,4.42585E+11,3.81971E+11,3.95837E+11,4.17261E+11,4.54991E+11,4.44596E+11,4.35049E+11,4.79295E+11,4.70942E+11,5.16034E+11
GDP (current US$),NY.GDP.MKTP.CD,Azerbaijan,AZE,8884848485,5272615723,75239785452,53076235355,37866996883,40866627352,47112470052,48174235294,42693000000,54825411765,78807470588,72356176471
GDP (current US$),NY.GDP.MKTP.CD,"Bahamas, The",BHS,3166000000,8076470000,10974100000,11671900000,11745100000,12236700000,12615800000,13016200000,9958200000,11368900000,13136400000,14338500000
GDP (current US$),NY.GDP.MKTP.CD,Bahrain,BHR,4809511005,9062898936,33387712766,31125851064,32250132979,35423643617,37802005319,38653318085,34621807713,39288670213,44383297872,43205000000
GDP (current US$),NY.GDP.MKTP.CD,Bangladesh,BGD,31598340778,53369787319,1.72887E+11,1.95147E+11,2.65225E+11,2.93732E+11,3.21363E+11,3.51232E+11,3.73979E+11,4.16272E+11,4.60132E+11,4.37415E+11
GDP (current US$),NY.GDP.MKTP.CD,Barbados,BRB,2012131457,3059500000,4711838650,4738650450,4848210350,5000457800,5128345200,5367139250,4779756550,4945276000,5840673700,6393564190
GDP (current US$),NY.GDP.MKTP.CD,Belarus,BLR,..,12736780455,78812805039,56454889147,47723545321,54725302250,60031173808,64410122847,61371755326,69673747132,73775179925,71857382746
GDP (current US$),NY.GDP.MKTP.CD,Belgium,BEL,2.05332E+11,2.36792E+11,5.3539E+11,4.62336E+11,4.76063E+11,5.02765E+11,5.43299E+11,5.35866E+11,5.26022E+11,6.00904E+11,5.83614E+11,6.32217E+11
GDP (current US$),NY.GDP.MKTP.CD,Belize,BLZ,545686365.5,1134756761,2125125606,2194709309,2240593543,2266664817,2292787336,2386792476,2047727810,2424575179,2830507576,3281500000
GDP (current US$),NY.GDP.MKTP.CD,Benin,BEN,1959965330,3519991440,13284527847,11388160997,11821065853,12701655837,14262408090,14390708751,15686741884,17687623530,17425418044,19673284686
GDP (current US$),NY.GDP.MKTP.CD,Bermuda,BMU,1592400000,3480219000,6413988000,6654541000,6899911000,7142316000,7225977000,7423465000,6887147000,7286607000,7827980000,..
GDP (current US$),NY.GDP.MKTP.CD,Bhutan,BTN,287765007.1,460733418.4,2057330873,2154921011,2322730512,2591358115,2583335723,2735683409,2457604042,2768802803,2898227713,..
GDP (current US$),NY.GDP.MKTP.CD,Bolivia,BOL,4867582598,8397855485,32996188017,33000198249,33941126194,37508642171,40287647931,40895322851,36629843806,40406111693,44008282880,45849832906
GDP (current US$),NY.GDP.MKTP.CD,Bosnia and Herzegovina,BIH,7753478261,5567772769,18558733564,16404348871,17116926328,18326373366,20484053869,20482608755,20226036564,23672712242,24534663636,27054889363
GDP (current US$),NY.GDP.MKTP.CD,Botswana,BWA,3790636324,5788329609,15470088501,13530748845,15082637184,16105155857,17031943186,16725908149,14960291106,18750946600,20321958850,19395765126
GDP (current US$),NY.GDP.MKTP.CD,Brazil,BRA,3.8496E+11,6.55448E+11,2.45604E+12,1.80221E+12,1.79569E+12,2.06351E+12,1.91693E+12,1.87329E+12,1.47611E+12,1.67065E+12,1.95192E+12,2.17367E+12
GDP (current US$),NY.GDP.MKTP.CD,British Virgin Islands,VGB,..,..,..,..,..,..,..,..,..,..,..,..
GDP (current US$),NY.GDP.MKTP.CD,Brunei Darussalam,BRN,3520487627,6001282104,17097802753,12930291488,11400466356,12128183904,13566937674,13469235365,12005799654,14006496617,16681536467,15128292954
GDP (current US$),NY.GDP.MKTP.CD,Bulgaria,BGR,20632090909,13245990274,57157782910,50811995689,53964253212,59309748166,66370132238,68881010246,70368758395,84041493016,90346169915,1.01584E+11
GDP (current US$),NY.GDP.MKTP.CD,Burkina Faso,BFA,3101300779,2968370088,13943016077,11832159316,12833363045,14106955615,15890066221,16032813502,17725010531,19643166854,18820219331,20324617839
GDP (current US$),NY.GDP.MKTP.CD,Burundi,BDI,1132101253,870486065.9,2705783330,3104003546,2644487777,2723586963,2667182200,2576518880,2649680261,2775798697,3338722828,2642161669
GDP (current US$),NY.GDP.MKTP.CD,Cabo Verde,CPV,306890962.6,539227277.6,2041930125,1749857620,1849789986,1996741540,2205099507,2252177124,1821565614,2051842610,2303738020,2587252076
GDP (current US$),NY.GDP.MKTP.CD,Cambodia,KHM,1402541177,3654031716,16702610842,18049954289,20016747858,22177200588,24571753583,27089390033,25872797892,26961061152,29504829319,31772759999
GDP (current US$),NY.GDP.MKTP.CD,Cameroon,CMR,12314482628,10566579295,36386544715,32210233021,33814337041,36098547059,39955552190,39667757528,40773241177,44993521774,43644068311,47945510090
GDP (current US$),NY.GDP.MKTP.CD,Canada,CAN,5.96076E+11,7.44773E+11,1.80575E+12,1.55651E+12,1.52799E+12,1.64927E+12,1.72533E+12,1.74373E+12,1.65568E+12,2.00747E+12,2.16148E+12,2.14009E+12
GDP (current US$),NY.GDP.MKTP.CD,Cayman Islands,CYM,..,..,4562853582,4708167255,4909322200,5166281293,5530178499,5941896600,5655357984,6060026510,6600844002,..
GDP (current US$),NY.GDP.MKTP.CD,Central African Republic,CAF,1440711459,916777282.7,1894813389,1695825714,1825018145,2072349973,2220979146,2221301351,2326720900,2516498412,2382618615,2555492085
GDP (current US$),NY.GDP.MKTP.CD,Chad,TCD,1738605558,1388506772,13940767219,10950392257,10097778098,10000394381,11239167898,11314951092,10715396042,11779981332,12396807590,13149325359
GDP (current US$),NY.GDP.MKTP.CD,Channel Islands,CHI,..,6439703435,..,..,9072059721,9070980827,9940766574,9921386550,9301349237,11138490592,11228317319,..
GDP (current US$),NY.GDP.MKTP.CD,Chile,CHL,33137824762,78339750722,2.59561E+11,2.4245E+11,2.49345E+11,2.76154E+11,2.95858E+11,2.78285E+11,2.54042E+11,3.15515E+11,3.02117E+11,3.35533E+11
GDP (current US$),NY.GDP.MKTP.CD,China,CHN,3.60858E+11,1.21133E+12,1.04756E+13,1.10616E+13,1.12333E+13,1.23105E+13,1.38949E+13,1.428E+13,1.46877E+13,1.78205E+13,1.78818E+13,1.77948E+13
GDP (current US$),NY.GDP.MKTP.CD,Colombia,COL,47844090710,99875074951,3.81241E+11,2.93492E+11,2.8272E+11,3.11867E+11,3.34198E+11,3.23032E+11,2.70348E+11,3.18525E+11,3.4533E+11,3.6354E+11
GDP (current US$),NY.GDP.MKTP.CD,Comoros,COM,429622177.7,351136579.6,1149587661,966029600.9,1012835493,1077439757,1188797449,1195019532,1225039197,1296089480,1242519408,1352380972
GDP (current US$),NY.GDP.MKTP.CD,"Congo, Dem. Rep.",COD,..,19088046306,35909040926,37917706497,37134801555,38019264795,47568210010,51775829877,48716961860,55328482784,65801547620,66383287003
GDP (current US$),NY.GDP.MKTP.CD,"Congo, Rep.",COG,2798746050,3227927698,17919321083,12434793868,10931328150,11834473048,14773900278,13976637329,11468688141,14825690210,15817030157,15321055818
GDP (current US$),NY.GDP.MKTP.CD,Costa Rica,CRI,5711687787,15013629659,52016408952,56441920821,58847019610,60516044657,62420164992,64417670521,62395610760,64960725734,69243626029,86497941439
GDP (current US$),NY.GDP.MKTP.CD,Cote d'Ivoire,CIV,10795850583,16577533892,48843005614,45815005169,48407761037,52512343997,58522477787,60382894697,63027852805,72794636654,70173140101,78788828907
GDP (current US$),NY.GDP.MKTP.CD,Croatia,HRV,25650213159,22128414549,59489433515,51011170112,52740059263,56322449844,61861145806,61867157679,58221300898,69602166351,71997070660,82688842717
GDP (current US$),NY.GDP.MKTP.CD,Cuba,CUB,28645436569,30565400000,80656100000,87132800000,91370407864,96850649692,1.0005E+11,1.03428E+11,1.07352E+11,..,..,..
GDP (current US$),NY.GDP.MKTP.CD,Curacao,CUW,..,..,3059406983,3058779218,3024690168,3033433240,3046364804,3026124134,2534327598,2739608133,3073840325,..
GDP (current US$),NY.GDP.MKTP.CD,Cyprus,CYP,5591130218,9985844486,23225912185,19909269064,21046452116,22946583375,25597301191,25947020102,25227189745,29482912835,29250532020,32229622669
GDP (current US$),NY.GDP.MKTP.CD,Czechia,CZE,40728950705,61828166496,2.09359E+11,1.88033E+11,1.96272E+11,2.18629E+11,2.49001E+11,2.52548E+11,2.45975E+11,2.81791E+11,2.90566E+11,3.30858E+11
GDP (current US$),NY.GDP.MKTP.CD,Denmark,DNK,1.38247E+11,1.64159E+11,3.52994E+11,3.02673E+11,3.13116E+11,3.32121E+11,3.56841E+11,3.46499E+11,3.54763E+11,4.05688E+11,4.00167E+11,4.04199E+11
GDP (current US$),NY.GDP.MKTP.CD,Djibouti,DJI,452328087.3,551230861.9,2214679081,2424391785,2604955229,2762581334,2913466732,3088853639,3185150981,3385825229,3674298479,4098530514
GDP (current US$),NY.GDP.MKTP.CD,Dominica,DMA,201429629.6,333470370.4,520429629.6,540737037,576229629.6,521551851.9,554770370.4,611537037,504214814.8,555266666.7,607159259.3,653992592.6
GDP (current US$),NY.GDP.MKTP.CD,Dominican Republic,DOM,7073675545,24305780629,67179955677,71164826837,75704647878,79998046306,85555390139,88941372558,78844656298,94243425938,1.13537E+11,1.21444E+11
GDP (current US$),NY.GDP.MKTP.CD,Ecuador,ECU,15239272612,17539454727,1.02718E+11,97209558000,97671433000,1.04467E+11,1.07479E+11,1.07596E+11,95865472000,1.07435E+11,1.16586E+11,1.18845E+11
GDP (current US$),NY.GDP.MKTP.CD,"Egypt, Arab Rep.",EGY,42978914311,99838543960,3.05595E+11,3.29367E+11,3.32442E+11,2.48363E+11,2.62589E+11,3.18679E+11,3.83818E+11,4.24672E+11,4.76748E+11,3.95926E+11
GDP (current US$),NY.GDP.MKTP.CD,El Salvador,SLV,4817542204,11784927700,22593470000,23438240000,24191430000,24979190000,26020850000,26881140000,24921190000,29043140000,31988920000,34015620000
GDP (current US$),NY.GDP.MKTP.CD,Equatorial Guinea,GNQ,112119411.5,1045998496,21765453082,13185496881,11240808848,12200913879,13097012134,11364133550,9893816008,12215878033,13486788879,12116922539
GDP (current US$),NY.GDP.MKTP.CD,Eritrea,ERI,..,706370815.6,..,..,..,..,..,..,..,..,..,..
GDP (current US$),NY.GDP.MKTP.CD,Estonia,EST,..,5686579748,26634083965,22890762090,24072829277,26924385103,30624720196,31290453294,31330419851,36864792512,37921480882,40744848828
GDP (current US$),NY.GDP.MKTP.CD,Eswatini,SWZ,1114694041,1738093840,4422986272,4063245671,3816019193,4402969226,4666598024,4495267266,3982236694,4850842541,4790922789,4597855845
GDP (current US$),NY.GDP.MKTP.CD,Ethiopia,ETH,12478943895,8242349618,55612228234,64589328551,74296745208,81770886826,84269196626,95912607722,1.07658E+11,1.11262E+11,1.26773E+11,1.63698E+11
GDP (current US$),NY.GDP.MKTP.CD,Faroe Islands,FRO,960805408.9,1067109531,2914012679,2573905971,2813278869,2980057378,3188600927,3266432734,3262045883,3655063938,3555929833,..
GDP (current US$),NY.GDP.MKTP.CD,Fiji,FJI,1337017559,1678219508,4857104769,4682479894,4930213644,5353469174,5581425327,5444407198,4432466220,4305031650,4979979531,5494797541
GDP (current US$),NY.GDP.MKTP.CD,Finland,FIN,1.41438E+11,1.2602E+11,2.74863E+11,2.34534E+11,2.40771E+11,2.55648E+11,2.75708E+11,2.68515E+11,2.71886E+11,2.9647E+11,2.81887E+11,3.00187E+11
GDP (current US$),NY.GDP.MKTP.CD,France,FRA,1.26918E+12,1.36564E+12,2.85596E+12,2.43919E+12,2.47296E+12,2.59515E+12,2.79096E+12,2.72887E+12,2.64742E+12,2.95936E+12,2.77909E+12,3.0309E+12
GDP (current US$),NY.GDP.MKTP.CD,French Polynesia,PYF,3320159522,3599845480,6151996561,5325846362,5497036477,5833352693,6135116253,6022276196,5792545871,6150640646,5814661209,..
GDP (current US$),NY.GDP.MKTP.CD,Gabon,GAB,5952293765,5080483629,18203966896,14383107763,14023890265,14929487485,16867326390,16874405460,15314577168,20217946921,21071739228,20516134389
GDP (current US$),NY.GDP.MKTP.CD,"Gambia, The",GMB,317083695.5,782913871.8,1229461721,1378176609,1484578886,1504909463,1670671328,1813609692,1812170891,2014158843,2175099790,2339904157
GDP (current US$),NY.GDP.MKTP.CD,Georgia,GEO,7500000000,3057475335,17966015109,15223796149,15444548902,16473125375,17902544881,17638337117,16010869216,18853115589,24984568960,30535530479
GDP (current US$),NY.GDP.MKTP.CD,Germany,DEU,1.77167E+12,1.94798E+12,3.88909E+12,3.35759E+12,3.46985E+12,3.69085E+12,3.97444E+12,3.88918E+12,3.88773E+12,4.2785E+12,4.08247E+12,4.45608E+12
GDP (current US$),NY.GDP.MKTP.CD,Ghana,GHA,5889106573,4982850662,54783319817,49406010054,56164929305,60405924079,67298914624,68337969248,70043095504,79524421861,74263364042,76370394412
GDP (current US$),NY.GDP.MKTP.CD,Gibraltar,GIB,..,..,..,..,..,..,..,..,..,..,..,..
GDP (current US$),NY.GDP.MKTP.CD,Greece,GRC,97891092003,1.30458E+11,2.35458E+11,1.95684E+11,1.93148E+11,1.99844E+11,2.12049E+11,2.05253E+11,1.8848E+11,2.14668E+11,2.17581E+11,2.38206E+11
GDP (current US$),NY.GDP.MKTP.CD,Greenland,GRL,1018977280,1068025016,2842065708,2499113023,2707139544,2851613679,3055782146,2997309972,3082884653,3235809504,..,..
GDP (current US$),NY.GDP.MKTP.CD,Grenada,GRD,278098763,520044370.4,911496296.3,997007407.4,1061640741,1125685185,1166514815,1213485185,1043411111,1122800000,1224577778,1320334236
GDP (current US$),NY.GDP.MKTP.CD,Guam,GUM,..,..,5610000000,5799000000,5901000000,6013000000,6051000000,6355000000,5916000000,6234000000,6910000000,..
GDP (current US$),NY.GDP.MKTP.CD,Guatemala,GTM,7650196845,19288929030,57852153059,62186064719,66053403469,71653754066,73328365862,77172317259,77715183063,86053083476,95003330316,1.0205E+11
GDP (current US$),NY.GDP.MKTP.CD,Guinea,GIN,3888320666,4367458867,8778473643,8794202394,8595955600,10324668271,11857030367,13442861496,14177835841,16091817842,20999229260,23612295818
GDP (current US$),NY.GDP.MKTP.CD,Guinea-Bissau,GNB,634187269.2,391345597.5,1135250721,1152384167,1245074264,1469978606,1554133594,1486476582,1520479985,1724555634,1714166526,1966461400
GDP (current US$),NY.GDP.MKTP.CD,Guyana,GUY,396582263.3,712667896.7,4127660152,4279840194,4482697337,4748174334,4787636998,5173760192,5471256595,8041362110,14718388489,16786302158
GDP (current US$),NY.GDP.MKTP.CD,Haiti,HTI,3096289800,6813566099,15146883498,14849629309,14069277526,15093357161,16403864618,15016090930,14508222518,20877414953,20253551921,19850829758
GDP (current US$),NY.GDP.MKTP.CD,Honduras,HND,4923009552,7186638029,19756533972,20979791685,21717604952,23136247991,24067750760,24882225742,23352232484,28144331507,31426041807,34400509852
GDP (current US$),NY.GDP.MKTP.CD,"Hong Kong SAR, China",HKG,76928784621,1.71669E+11,2.9146E+11,3.09386E+11,3.2086E+11,3.41273E+11,3.61731E+11,3.63075E+11,3.44943E+11,3.68954E+11,3.58696E+11,3.82055E+11
GDP (current US$),NY.GDP.MKTP.CD,Hungary,HUN,34365891769,47218405892,1.41034E+11,1.25174E+11,1.2861E+11,1.43112E+11,1.60566E+11,1.6402E+11,1.57289E+11,1.8211E+11,1.77006E+11,2.12389E+11
GDP (current US$),NY.GDP.MKTP.CD,Iceland,ISL,6468736356,9025660362,17867662178,17517210519,20793168031,24728285177,26260850582,24681343649,21629953194,25797870984,28701830402,31020032583
GDP (current US$),NY.GDP.MKTP.CD,India,IND,3.20979E+11,4.68396E+11,2.03913E+12,2.10359E+12,2.2948E+12,2.65147E+12,2.70293E+12,2.83561E+12,2.67485E+12,3.16727E+12,3.35347E+12,3.54992E+12
GDP (current US$),NY.GDP.MKTP.CD,Indonesia,IDN,1.06141E+11,1.65021E+11,8.90815E+11,8.60854E+11,9.31877E+11,1.01562E+12,1.04227E+12,1.1191E+12,1.05905E+12,1.18651E+12,1.31908E+12,1.37117E+12
GDP (current US$),NY.GDP.MKTP.CD,"Iran, Islamic Rep.",IRN,1.24813E+11,1.09592E+11,4.60383E+11,4.08213E+11,4.57955E+11,4.8663E+11,3.29692E+11,2.8365E+11,2.39735E+11,3.59097E+11,4.13395E+11,4.01505E+11
GDP (current US$),NY.GDP.MKTP.CD,Iraq,IRQ,1.80408E+11,48364250944,2.28416E+11,1.66774E+11,1.66744E+11,1.87218E+11,2.27367E+11,2.33636E+11,1.80899E+11,2.09692E+11,2.8664E+11,2.50843E+11
GDP (current US$),NY.GDP.MKTP.CD,Ireland,IRL,49305632408,1.00208E+11,2.59682E+11,2.92364E+11,2.98559E+11,3.37242E+11,3.86693E+11,3.98933E+11,4.28609E+11,5.13392E+11,5.3314E+11,5.45629E+11
GDP (current US$),NY.GDP.MKTP.CD,Isle of Man,IMN,..,1563667800,7708454412,7084800892,6846377563,6979788334,7491649456,7314967866,6684225641,7931193222,..,..
GDP (current US$),NY.GDP.MKTP.CD,Israel,ISR,61661395509,1.36036E+11,3.1433E+11,3.03414E+11,3.22103E+11,3.58245E+11,3.76692E+11,4.02471E+11,4.13268E+11,4.88527E+11,5.25002E+11,5.09901E+11
GDP (current US$),NY.GDP.MKTP.CD,Italy,ITA,1.18122E+12,1.14668E+12,2.16201E+12,1.83664E+12,1.87707E+12,1.9618E+12,2.09193E+12,2.0113E+12,1.89746E+12,2.15488E+12,2.06697E+12,2.25485E+12
GDP (current US$),NY.GDP.MKTP.CD,Jamaica,JAM,4592208087,9005064475,13899217680,14188936918,14077096677,14808985133,15730792876,15830766531,13812421836,14657586159,17097760687,19423355367
GDP (current US$),NY.GDP.MKTP.CD,Japan,JPN,3.1859E+12,4.96836E+12,4.89699E+12,4.44493E+12,5.00368E+12,4.93084E+12,5.04088E+12,5.11799E+12,5.05559E+12,5.03462E+12,4.25641E+12,4.21295E+12
GDP (current US$),NY.GDP.MKTP.CD,Jordan,JOR,4160087508,8460789845,36847643521,38587017887,39892551127,41608435915,43370860704,44502816901,43700383099,46296100141,48653381831,50813642349
GDP (current US$),NY.GDP.MKTP.CD,Kazakhstan,KAZ,26932016270,18291990662,2.21416E+11,1.84388E+11,1.37278E+11,1.66806E+11,1.7934E+11,1.81667E+11,1.71082E+11,1.97112E+11,2.25496E+11,2.61421E+11
GDP (current US$),NY.GDP.MKTP.CD,Kenya,KEN,8572359038,12705350098,68285796514,70120446897,74815144164,82036510877,92202979985,1.00378E+11,1.00658E+11,1.09704E+11,1.1342E+11,1.07441E+11
GDP (current US$),NY.GDP.MKTP.CD,Kiribati,KIR,36688453.36,74790109.38,200114840.7,191572320.4,206658568.8,223029864.5,233859230.2,216891541,222973879.7,289207526.3,270520731.6,279034355.1
GDP (current US$),NY.GDP.MKTP.CD,"Korea, Dem. People's Rep.",PRK,..,..,..,..,..,..,..,..,..,..,..,..
GDP (current US$),NY.GDP.MKTP.CD,"Korea, Rep.",KOR,2.83366E+11,5.76179E+11,1.48449E+12,1.46604E+12,1.49968E+12,1.62307E+12,1.72537E+12,1.65142E+12,1.64431E+12,1.81843E+12,1.67392E+12,1.71279E+12
GDP (current US$),NY.GDP.MKTP.CD,Kosovo,XKX,..,..,7074394735,6295848423,6682677290,7180764703,7878759715,7899737577,7717145218,9413403724,9354903062,10438351483
GDP (current US$),NY.GDP.MKTP.CD,Kuwait,KWT,18427777778,37718743480,1.6265E+11,1.14586E+11,1.09407E+11,1.20688E+11,1.38203E+11,1.38696E+11,1.07513E+11,1.41777E+11,1.82809E+11,1.61772E+11
GDP (current US$),NY.GDP.MKTP.CD,Kyrgyz Republic,KGZ,2675000000,1369688498,7468102413,6678177512,6813095379,7702938379,8271106235,9371275264,8270468614,9249133946,12134931018,13987627909
GDP (current US$),NY.GDP.MKTP.CD,Lao PDR,LAO,865559879.4,1731198022,13279245886,14426380126,15912501723,17071155481,18141641090,18740561513,18981805250,18827148531,15468785204,15843155731
GDP (current US$),NY.GDP.MKTP.CD,Latvia,LVA,..,7958852839,31386896487,27263090547,28083597512,30483806018,34429023435,34225547537,34390910339,39443126174,40422521943,43627078481
GDP (current US$),NY.GDP.MKTP.CD,Lebanon,LBN,2838485354,17260364842,48095213747,49929337837,51147308774,53027680686,54901519156,51605959131,31712128254,23131941557,20992421949,..
GDP (current US$),NY.GDP.MKTP.CD,Lesotho,LSO,596410263.7,887291687.9,2441063054,2359686725,2114426454,2306741674,2556247292,2390702296,2053338465,2406780519,2289355249,2046039024
GDP (current US$),NY.GDP.MKTP.CD,Liberia,LBR,384400000,874000000,3225652000,3227075700,3398419600,3390703400,3422754800,3319596500,3176126340,3513049520,4001047000,4332000000
GDP (current US$),NY.GDP.MKTP.CD,Libya,LBY,28904183602,38270954138,57372355592,48717501321,49912073701,67157452182,76686029772,72081962263,65688454972,47786789104,55938727098,50491722446
GDP (current US$),NY.GDP.MKTP.CD,Liechtenstein,LIE,1421509216,2483889858,6657526980,6268515276,6237302034,6474308718,6692620692,6436467007,6405870210,7710380086,7364654515,..
GDP (current US$),NY.GDP.MKTP.CD,Lithuania,LTU,..,11524776867,48533659592,41435533340,43047309306,47758736932,53751411409,54808531641,56964942999,66798933786,71013953448,77836396963
GDP (current US$),NY.GDP.MKTP.CD,Luxembourg,LUX,12778792854,21230182989,68804811898,60071584216,62216885436,65712180343,71000359760,69890505324,73699366700,85584105994,81641807866,85755006124
GDP (current US$),NY.GDP.MKTP.CD,"Macao SAR, China",MAC,3246481233,6774193548,54902831794,45048190598,45070808689,50383871121,55190661340,55082293844,25343525936,30969334705,24464719190,47061843716
GDP (current US$),NY.GDP.MKTP.CD,Madagascar,MDG,3931334875,4629247204,12522957399,11323020701,11848613858,13176313594,13760033282,14104664679,13051441204,14554754117,15302510500,16031702915
GDP (current US$),NY.GDP.MKTP.CD,Malawi,MWI,2737087862,2537307580,8801326169,9219474379,7909868618,8943543677,9880675786,11077305330,12041250084,12580922008,13129458326,14084341062
GDP (current US$),NY.GDP.MKTP.CD,Malaysia,MYS,44024585240,93789736842,3.38066E+11,3.01355E+11,3.01256E+11,3.19109E+11,3.58789E+11,3.65178E+11,3.37456E+11,3.73832E+11,4.07027E+11,3.99649E+11
GDP (current US$),NY.GDP.MKTP.CD,Maldives,MDV,215043969.8,624337145.3,3697353039,4129505319,4409942624,4816426257,5404344163,5726094799,3712604583,5254366312,6170638746,6600000000
GDP (current US$),NY.GDP.MKTP.CD,Mali,MLI,2681912149,2961484954,14364937124,13104764378,14026048336,15365713048,17070867590,17280250810,17465392764,19309463508,18780322204,20904898296
GDP (current US$),NY.GDP.MKTP.CD,Malta,MLT,2547163582,4069515557,11625848975,11091483660,11668015566,13484541926,15404393365,16004563886,15249999048,18123718947,18357069273,20956999452
GDP (current US$),NY.GDP.MKTP.CD,Marshall Islands,MHL,78476000,114838470.5,185446395.9,183222930.9,200900711.1,212935714.7,219430038.5,231996704.1,240751144.4,257784881.6,258774475.1,284000000
GDP (current US$),NY.GDP.MKTP.CD,Mauritania,MRT,1506914408,1779520886,6592537782,6166863897,6398747592,6800135898,7473550557,7894764886,8260752385,9222536364,9744039515,10452577063
GDP (current US$),NY.GDP.MKTP.CD,Mauritius,MUS,2689212760,4726108622,13074129952,12007291046,12594155464,13713506131,14735695931,14436346980,11408106446,11484348766,12927979286,14397127281
GDP (current US$),NY.GDP.MKTP.CD,Mexico,MEX,2.61254E+11,7.42061E+11,1.36451E+12,1.21329E+12,1.11223E+12,1.19072E+12,1.2563E+12,1.30521E+12,1.12083E+12,1.31307E+12,1.46332E+12,1.78889E+12
GDP (current US$),NY.GDP.MKTP.CD,"Micronesia, Fed. Sts.",FSM,147200000,233271800,319271200,316489900,325000000,359000000,392000000,394000000,372000000,390000000,430000000,460000000
GDP (current US$),NY.GDP.MKTP.CD,Moldova,MDA,3571250000,1288429392,9402090138,7797667197,7980917076,9514404016,11252353421,11736797055,11530746234,13691869264,14510490660,16539436547
GDP (current US$),NY.GDP.MKTP.CD,Monaco,MCO,2481307077,2654462665,7069353073,6261649891,6465645585,6431271365,7182444410,7383944044,6739645416,8626081321,8784002932,..
GDP (current US$),NY.GDP.MKTP.CD,Mongolia,MNG,2560785660,1136896124,12226514668,11619892591,11181350649,11480847741,13178094720,14206359018,13312981429,15286441738,17146471714,19872180370
GDP (current US$),NY.GDP.MKTP.CD,Montenegro,MNE,..,984293043.8,4593853291,4054730078,4376930578,4856599481,5506942238,5542054181,4769996866,5861427505,6229801581,7404541965
GDP (current US$),NY.GDP.MKTP.CD,Morocco,MAR,30179954775,43017455402,1.19131E+11,1.10414E+11,1.11573E+11,1.18541E+11,1.27341E+11,1.2892E+11,1.21354E+11,1.41818E+11,1.30913E+11,1.41109E+11
GDP (current US$),NY.GDP.MKTP.CD,Mozambique,MOZ,..,5930685215,17978246586,16208985770,12069051237,13264640646,15017359042,15512758965,14235420174,16168055475,18406835495,20624597847
GDP (current US$),NY.GDP.MKTP.CD,Myanmar,MMR,2115193513,8905066164,65531374200,59607290408,63298361996,66053040483,67860515990,75065106228,79006113643,66345291160,62253049892,64815031669
GDP (current US$),NY.GDP.MKTP.CD,Namibia,NAM,2789921853,3922232165,12435430970,11335161084,10722018732,12895153160,13682018827,12541928103,10583748542,12402486184,12567271005,12351024844
GDP (current US$),NY.GDP.MKTP.CD,Nauru,NRU,55572375.47,26930980.34,99149244.4,84863440.58,97541943.04,109355638.9,130995566.3,125160115.5,124685688.2,175390280.7,153824609.5,154127798.2
GDP (current US$),NY.GDP.MKTP.CD,Nepal,NPL,3627560239,5494252208,22731612922,24360801287,24524109484,28971588940,33111525237,34186180699,33433659301,36924841394,41182939601,40908073367
GDP (current US$),NY.GDP.MKTP.CD,Netherlands,NLD,3.18331E+11,4.17479E+11,8.92168E+11,7.65573E+11,7.8406E+11,8.3387E+11,9.14043E+11,9.10194E+11,9.09793E+11,1.02968E+12,1.0094E+12,1.11812E+12
GDP (current US$),NY.GDP.MKTP.CD,New Caledonia,NCL,2529440424,3420032041,10635035595,8738203074,8724568955,9174048682,9896402284,9475655325,9454629468,10071349664,9623318718,..
GDP (current US$),NY.GDP.MKTP.CD,New Zealand,NZL,45495129385,52623281957,2.01338E+11,1.78104E+11,1.88898E+11,2.06567E+11,2.11847E+11,2.12847E+11,2.12698E+11,2.53644E+11,2.46734E+11,2.53466E+11
GDP (current US$),NY.GDP.MKTP.CD,Nicaragua,NIC,1110472676,5109583827,11880434071,12756706583,13286118584,13785943183,13025239912,12699046245,12681548304,14144067556,15649934215,17829215284
GDP (current US$),NY.GDP.MKTP.CD,Niger,NER,3512356508,2241753193,10862943544,9683867926,10398861982,11185104252,12837307497,12889555561,13744653103,14915002436,15433852712,16819170421
GDP (current US$),NY.GDP.MKTP.CD,Nigeria,NGA,54035795388,69171451627,5.74184E+11,4.93027E+11,4.04649E+11,3.75746E+11,4.21739E+11,4.74517E+11,4.32199E+11,4.40839E+11,4.72625E+11,3.62815E+11
GDP (current US$),NY.GDP.MKTP.CD,North Macedonia,MKD,4699646643,3772859034,11362265253,10064519963,10672467073,11307067070,12683068114,12606338449,12361036914,14000283827,13711469681,14761237042
GDP (current US$),NY.GDP.MKTP.CD,Northern Mariana Islands,MNP,..,..,832000000,910000000,1230000000,1560000000,1301000000,1181000000,858000000,..,..,..
GDP (current US$),NY.GDP.MKTP.CD,Norway,NOR,1.19792E+11,1.71457E+11,5.01736E+11,3.8816E+11,3.70957E+11,4.01745E+11,4.39789E+11,4.08743E+11,3.67633E+11,5.03368E+11,5.93727E+11,4.85513E+11
GDP (current US$),NY.GDP.MKTP.CD,Oman,OMN,11685045514,19507452536,92699089727,78710793238,75128738622,80856697009,91505851756,88060858257,75909397659,88191977373,1.14667E+11,1.08192E+11
GDP (current US$),NY.GDP.MKTP.CD,Pakistan,PAK,40010423970,99484802345,2.7139E+11,2.99964E+11,3.1363E+11,3.39206E+11,3.56128E+11,3.20909E+11,3.00426E+11,3.48517E+11,3.74788E+11,3.38368E+11
GDP (current US$),NY.GDP.MKTP.CD,Palau,PLW,97702303.05,149535827.6,245731216.4,287215972.9,305404174.8,292345764.2,288160980.2,281828704.8,261179138.2,229858184.8,242333709.7,263020733.7
GDP (current US$),NY.GDP.MKTP.CD,Panama,PAN,6433967000,12304115000,49921400000,54091800000,57907700000,62202700000,67294169200,69721787500,57086836900,67406738100,76522511781,83382400000
GDP (current US$),NY.GDP.MKTP.CD,Papua New Guinea,PNG,3219729083,3521339699,23210823987,21723437010,20758876953,22742699138,24109780708,24751066911,23848445104,26113333240,31603619037,30932496250
GDP (current US$),NY.GDP.MKTP.CD,Paraguay,PRY,5812114523,8855705140,40377929296,36211447840,36089700223,38997129474,40225448341,37925338329,35432178068,39950899939,41952910858,42956263544
GDP (current US$),NY.GDP.MKTP.CD,Peru,PER,26410386963,51744749133,2.00786E+11,1.89803E+11,1.91898E+11,2.11008E+11,2.22597E+11,2.28346E+11,2.0141E+11,2.26354E+11,2.46489E+11,2.67603E+11
GDP (current US$),NY.GDP.MKTP.CD,Philippines,PHL,50508286642,83669788255,2.97484E+11,3.06446E+11,3.18627E+11,3.28481E+11,3.46842E+11,3.76823E+11,3.61751E+11,3.94087E+11,4.04353E+11,4.37146E+11
GDP (current US$),NY.GDP.MKTP.CD,Poland,POL,65977748211,1.7222E+11,5.3908E+11,4.77111E+11,4.70025E+11,5.24641E+11,5.8878E+11,5.96058E+11,5.99443E+11,6.81346E+11,6.89763E+11,8.11229E+11
GDP (current US$),NY.GDP.MKTP.CD,Portugal,PRT,78713860217,1.18605E+11,2.29902E+11,1.99394E+11,2.06426E+11,2.21358E+11,2.42313E+11,2.39987E+11,2.29032E+11,2.55535E+11,2.55197E+11,2.8708E+11
GDP (current US$),NY.GDP.MKTP.CD,Puerto Rico,PRI,30603919000,61701800000,1.02446E+11,1.03376E+11,1.04337E+11,1.03446E+11,1.00958E+11,1.05126E+11,1.03131E+11,1.06427E+11,1.13567E+11,1.17902E+11
GDP (current US$),NY.GDP.MKTP.CD,Qatar,QAT,7360439423,17759890110,2.06225E+11,1.6174E+11,1.51732E+11,1.61099E+11,1.83335E+11,1.76371E+11,1.44411E+11,1.79732E+11,2.3577E+11,..
GDP (current US$),NY.GDP.MKTP.CD,Romania,ROU,38247882300,37253739511,1.99714E+11,1.77884E+11,1.85288E+11,2.10147E+11,2.43316E+11,2.51018E+11,2.51363E+11,2.8581E+11,2.98892E+11,3.51003E+11
GDP (current US$),NY.GDP.MKTP.CD,Russian Federation,RUS,5.17014E+11,2.5971E+11,2.05924E+12,1.36348E+12,1.27679E+12,1.5742E+12,1.65733E+12,1.69312E+12,1.49308E+12,1.84339E+12,2.26603E+12,2.02142E+12
GDP (current US$),NY.GDP.MKTP.CD,Rwanda,RWA,2550185679,2068837212,8238966247,8543759089,8695272095,9252834120,9637904553,10349299856,10174387614,11069280277,13316160804,14097768648
GDP (current US$),NY.GDP.MKTP.CD,Samoa,WSM,125766269.8,258856139.8,796683519.6,824150498.7,843924796.7,884844384.5,878448433.4,912950466.1,868898358.3,843923638.7,832945205.6,934100336.3
GDP (current US$),NY.GDP.MKTP.CD,San Marino,SMR,..,1005159388,1673910988,1419400404,1468342431,1528621195,1655354304,1616188702,1541247884,1855382833,..,..
GDP (current US$),NY.GDP.MKTP.CD,Sao Tome and Principe,STP,119297935.7,76198394.82,293119143.2,259999643,292267272.2,322002845.2,383717327.8,412976064.5,471229484.6,524402450.8,542686976.5,603240749
GDP (current US$),NY.GDP.MKTP.CD,Saudi Arabia,SAU,1.1763E+11,1.89515E+11,7.66606E+11,6.69484E+11,6.66E+11,7.14995E+11,8.46584E+11,8.38565E+11,7.34271E+11,8.74156E+11,1.10857E+12,1.06758E+12
GDP (current US$),NY.GDP.MKTP.CD,Senegal,SEN,7390967360,6013185004,19797253440,17774766696,19040312333,20996562944,23116701556,23403995992,24530513038,27520784130,27619479060,31013986429
GDP (current US$),NY.GDP.MKTP.CD,Serbia,SRB,..,6875845987,47062202419,39655949731,40692661657,44179075779,50640662859,51514242939,53356484591,63101042898,63563410721,75187125427
GDP (current US$),NY.GDP.MKTP.CD,Seychelles,SYC,392163560.9,654212394.3,1387577870,1432403352,1568513348,1675370641,1784313927,1868690097,1382551752,1487173795,2057968520,2141450171
GDP (current US$),NY.GDP.MKTP.CD,Sierra Leone,SLE,649644097.6,635874002.2,5015180725,4252029354,3862721266,3719443418,4085114388,4076578699,4062906266,4249234704,4094563859,3809832237
GDP (current US$),NY.GDP.MKTP.CD,Singapore,SGP,36144336769,96076539926,3.14864E+11,3.07999E+11,3.19054E+11,3.43257E+11,3.76893E+11,3.76902E+11,3.49488E+11,4.34112E+11,4.98475E+11,5.01428E+11
GDP (current US$),NY.GDP.MKTP.CD,Sint Maarten (Dutch part),SXM,..,..,1361811508,1417888715,1427017207,1353212123,1259200447,1407880447,1236428101,1353071061,1537088715,1623165683
GDP (current US$),NY.GDP.MKTP.CD,Slovak Republic,SVK,12747380650,29242558797,1.01437E+11,88900883131,89952699525,95649966261,1.06138E+11,1.05712E+11,1.06738E+11,1.18563E+11,1.15585E+11,1.32794E+11
GDP (current US$),NY.GDP.MKTP.CD,Slovenia,SVN,19817923036,20289627637,49997186439,43107506024,44766722791,48589100043,54177882426,54386654314,53734526854,61832201544,60063475466,68216781411
GDP (current US$),NY.GDP.MKTP.CD,Solomon Islands,SLB,214877666.7,419842674.2,1335571421,1307909888,1379490304,1469789119,1615478393,1619155017,1536145814,1522794913,1566360686,1631286701
GDP (current US$),NY.GDP.MKTP.CD,Somalia,SOM,1031282081,3412797450,6537360533,6984947145,7390796617,8252394373,8278212314,9420431258,9204140383,9838711529,10419541202,11679800110
GDP (current US$),NY.GDP.MKTP.CD,South Africa,ZAF,1.26048E+11,1.51753E+11,3.81199E+11,3.4671E+11,3.23586E+11,3.81449E+11,4.05261E+11,3.8933E+11,3.38291E+11,4.20118E+11,4.05271E+11,3.77782E+11
GDP (current US$),NY.GDP.MKTP.CD,South Sudan,SSD,..,..,13962212847,11997800760,..,..,..,..,..,..,..,..
GDP (current US$),NY.GDP.MKTP.CD,Spain,ESP,5.36559E+11,5.98363E+11,1.37182E+12,1.19616E+12,1.23355E+12,1.31325E+12,1.4217E+12,1.39432E+12,1.27813E+12,1.44565E+12,1.4178E+12,1.58069E+12
GDP (current US$),NY.GDP.MKTP.CD,Sri Lanka,LKA,8032551173,16330814180,82528535714,85140955389,88012282206,94376237797,94493871201,89014978344,84304298771,88609332762,74144875098,84356860421
GDP (current US$),NY.GDP.MKTP.CD,St. Kitts and Nevis,KNA,217259259.3,421695769.8,952111111.1,957222222.2,1006818519,1056977778,1076548148,1107855556,883922222.2,858622222.2,981429629.6,1077033111
GDP (current US$),NY.GDP.MKTP.CD,St. Lucia,LCA,579629629.6,932592592.6,1749185185,1807640741,1868544444,1998503704,2060955556,2092081549,1497825994,1834796402,2343703788,2519925939
GDP (current US$),NY.GDP.MKTP.CD,St. Martin (French part),MAF,..,..,772921958.5,..,..,..,..,652206037.1,..,649206262.8,..,..
GDP (current US$),NY.GDP.MKTP.CD,St. Vincent and the Grenadines,VCT,240366666.7,427946037,770900000,786555555.6,814303703.7,844040740.7,884329629.6,910766666.7,869111111.1,872225925.9,966492592.6,1065962963
GDP (current US$),NY.GDP.MKTP.CD,Sudan,SDN,33641222222,12257299147,49516748618,51726758677,42630376000,41283617976,32333780383,32338079165,27034593750,34229513775,51666875363,1.09327E+11
GDP (current US$),NY.GDP.MKTP.CD,Suriname,SUR,388400000,947671969.7,5240606061,5126237646,3317421648,3591679431,3996198867,4016040575,2911807496,3081401726,3620987993,3782437296
GDP (current US$),NY.GDP.MKTP.CD,Sweden,SWE,2.61846E+11,2.62835E+11,5.81964E+11,5.05104E+11,5.15655E+11,5.41019E+11,5.55455E+11,5.3388E+11,5.47054E+11,6.39715E+11,5.9041E+11,5.93268E+11
GDP (current US$),NY.GDP.MKTP.CD,Switzerland,CHE,2.65764E+11,2.79216E+11,7.26538E+11,6.94118E+11,6.87895E+11,6.95201E+11,7.25569E+11,7.21369E+11,7.41999E+11,8.13409E+11,8.18427E+11,8.8494E+11
GDP (current US$),NY.GDP.MKTP.CD,Syrian Arab Republic,SYR,12308624284,18937052543,21502061462,16466863097,12597854884,16369843341,21497782881,22583045053,11155888304,8980060819,..,..
GDP (current US$),NY.GDP.MKTP.CD,Tajikistan,TJK,2603571429,860541842.3,9112605459,8271431485,6992416097,7536402853,7764999999,8300813599,8133963551,8937805347,10713525200,12060602009
GDP (current US$),NY.GDP.MKTP.CD,Tanzania,TZA,6184384225,13371767082,49986726461,47413919817,49774409374,53274884533,57003712892,61026731926,66068737786,70655628148,75769974505,79158286334
GDP (current US$),NY.GDP.MKTP.CD,Thailand,THA,85343190719,1.26392E+11,4.07339E+11,4.01296E+11,4.13366E+11,4.56357E+11,5.06754E+11,5.43977E+11,5.00462E+11,5.06256E+11,4.95645E+11,5.14945E+11
GDP (current US$),NY.GDP.MKTP.CD,Timor-Leste,TLS,128210141.8,366924300,1447535200,1595205100,1652603700,1598208400,1566157200,2027034000,2162619200,3621958000,3204753000,2243142908
GDP (current US$),NY.GDP.MKTP.CD,Togo,TGO,2299665506,2106848752,6393318262,5755461035,6071170959,6387422518,7029300383,6992700101,7400284168,8342243646,8169476149,9171261835
GDP (current US$),NY.GDP.MKTP.CD,Tonga,TON,113563821.6,204848487.8,439877614.4,437003078.6,420548712.4,460374354.8,488906838.6,512053692.1,484796854.9,469228219.7,500274898.1,..
GDP (current US$),NY.GDP.MKTP.CD,Trinidad and Tobago,TTO,5068000000,8154338233,29699968761,27026080987,23713671528,24040299978,24569079488,23775754305,20807571314,24496505941,30053575132,28139944790
GDP (current US$),NY.GDP.MKTP.CD,Tunisia,TUN,12290568182,21473528161,50271812921,45779494042,44360072680,42163530591,42686580021,41905540184,42491816476,46812290143,44579761023,48529595417
GDP (current US$),NY.GDP.MKTP.CD,Turkiye,TUR,1.50656E+11,2.74295E+11,9.38935E+11,8.64314E+11,8.69683E+11,8.58988E+11,7.78972E+11,7.61006E+11,7.20338E+11,8.19865E+11,9.07118E+11,1.10802E+12
GDP (current US$),NY.GDP.MKTP.CD,Turkmenistan,TKM,3000000000,2904663311,43524210526,35799714286,36169428571,37926285714,40765428571,45232857143,45818000000,50007428571,56542857143,59887334844
GDP (current US$),NY.GDP.MKTP.CD,Turks and Caicos Islands,TCA,..,..,841070000,942070000,1032452000,1028941663,1128749005,1177285212,774653669.3,1045782454,1228794383,1402054391
GDP (current US$),NY.GDP.MKTP.CD,Tuvalu,TUV,9542900.901,15073975.53,38760982.65,36811936.08,41629064.22,45276595.35,48015259.88,54123198.57,51746594.31,60196405.71,59065982.09,62280311.59
GDP (current US$),NY.GDP.MKTP.CD,Uganda,UGA,4304399310,6193246837,32612397257,32387183730,29203988696,30744473841,32927025620,35348155095,37600368240,40529788744,45565333216,49272882214
GDP (current US$),NY.GDP.MKTP.CD,Ukraine,UKR,79523809524,32375083935,1.33504E+11,91030967789,93355869404,1.12091E+11,1.30891E+11,1.53883E+11,1.56618E+11,1.99766E+11,1.6199E+11,1.78757E+11
GDP (current US$),NY.GDP.MKTP.CD,United Arab Emirates,ARE,50701443748,1.04337E+11,4.14105E+11,3.70275E+11,3.69255E+11,3.90517E+11,4.27049E+11,4.1799E+11,3.49473E+11,4.15179E+11,5.07064E+11,5.04173E+11
GDP (current US$),NY.GDP.MKTP.CD,United Kingdom,GBR,1.09317E+12,1.66553E+12,3.06471E+12,2.92791E+12,2.68911E+12,2.68015E+12,2.87134E+12,2.85141E+12,2.69781E+12,3.14151E+12,3.08884E+12,3.34003E+12
GDP (current US$),NY.GDP.MKTP.CD,United States,USA,5.96314E+12,1.0251E+13,1.76081E+13,1.8295E+13,1.88049E+13,1.96121E+13,2.06565E+13,2.15214E+13,2.1323E+13,2.3594E+13,2.57441E+13,2.73609E+13
GDP (current US$),NY.GDP.MKTP.CD,Uruguay,URY,9298807850,22823270892,61496186974,57680327999,57480788380,65006047680,65344408987,62222387929,53668636568,60760798596,70164683290,77240831587
GDP (current US$),NY.GDP.MKTP.CD,Uzbekistan,UZB,13362340338,13760513969,80845385809,86196264755,86138288644,62081322740,52870108215,60283503705,60224701297,69600614987,81140823252,90889149307
GDP (current US$),NY.GDP.MKTP.CD,Vanuatu,VUT,168879207.2,272014627.8,772315983.8,730870803,780889605.9,880061833.7,914736985.4,936526267.6,909421043.5,950394006.5,1022219298,1126313359
GDP (current US$),NY.GDP.MKTP.CD,"Venezuela, RB",VEN,48606952195,1.17146E+11,4.82359E+11,..,..,..,..,..,..,..,..,..
GDP (current US$),NY.GDP.MKTP.CD,Viet Nam,VNM,6471740806,31172518403,2.33451E+11,2.39258E+11,2.57096E+11,2.81354E+11,3.10106E+11,3.34365E+11,3.46616E+11,3.66475E+11,4.10324E+11,4.29717E+11
GDP (current US$),NY.GDP.MKTP.CD,Virgin Islands (U.S.),VIR,..,..,3565000000,3663000000,3798000000,3794000000,3923000000,4121000000,4189000000,4444000000,..,..
GDP (current US$),NY.GDP.MKTP.CD,West Bank and Gaza,PSE,..,4313600000,13989700000,13972400000,15405400000,16128000000,16276600000,17133500000,15531700000,18109000000,19165500000,17396300000
GDP (current US$),NY.GDP.MKTP.CD,"Yemen, Rep.",YEM,12643821569,9679316770,43228585321,42444490074,31317825274,26842229045,21606160663,..,..,..,..,..
GDP (current US$),NY.GDP.MKTP.CD,Zambia,ZMB,3285217391,3600632111,27141023558,21251216799,20958412538,25873601261,26311507274,23308667781,18137764931,22096416932,29163782140,28162630954
GDP (current US$),NY.GDP.MKTP.CD,Zimbabwe,ZWE,8783816700,6689957600,19495519600,19963120600,20548678100,17584890937,34156069918,21832234926,21509698406,28371238666,27366627153,26538273499
GDP (current US$),NY.GDP.MKTP.CD,Africa Eastern and Southern,AFE,2.51212E+11,2.87202E+11,9.7969E+11,8.99296E+11,8.2983E+11,9.40105E+11,1.01272E+12,1.00653E+12,9.29074E+11,1.08677E+12,1.18396E+12,1.23616E+12
GDP (current US$),NY.GDP.MKTP.CD,Africa Western and Central,AFW,1.23711E+11,1.4214E+11,8.94585E+11,7.69367E+11,6.92181E+11,6.8575E+11,7.6819E+11,8.23934E+11,7.87147E+11,8.45993E+11,8.77141E+11,7.96586E+11
GDP (current US$),NY.GDP.MKTP.CD,Arab World,ARB,6.40091E+11,7.6066E+11,2.90508E+12,2.54414E+12,2.49997E+12,2.57105E+12,2.86554E+12,2.89867E+12,2.57655E+12,2.96912E+12,3.61368E+12,3.49152E+12
GDP (current US$),NY.GDP.MKTP.CD,Caribbean small states,CSS,8504276627,17467367619,33462282321,34538256118,33451252507,34921587493,36225416548,37621010338,31378030001,36706592899,48138054139,53252637670
GDP (current US$),NY.GDP.MKTP.CD,Central Europe and the Baltics,CEB,2.71637E+11,4.28598E+11,1.46382E+12,1.29362E+12,1.31682E+12,1.46157E+12,1.64901E+12,1.67482E+12,1.66582E+12,1.9082E+12,1.94358E+12,2.25297E+12
GDP (current US$),NY.GDP.MKTP.CD,Early-demographic dividend,EAR,1.84049E+12,3.3777E+12,1.07666E+13,1.0237E+13,1.0537E+13,1.13934E+13,1.15244E+13,1.17677E+13,1.0981E+13,1.27713E+13,1.41311E+13,1.48478E+13
GDP (current US$),NY.GDP.MKTP.CD,East Asia & Pacific,EAS,4.79095E+12,8.37736E+12,2.20897E+13,2.19953E+13,2.2776E+13,2.43291E+13,2.64879E+13,2.70325E+13,2.71565E+13,3.11482E+13,3.06638E+13,3.07757E+13
GDP (current US$),NY.GDP.MKTP.CD,East Asia & Pacific (excluding high income),EAP,6.66707E+11,1.73614E+12,1.28002E+13,1.33232E+13,1.36146E+13,1.48811E+13,1.66404E+13,1.72132E+13,1.74873E+13,2.084E+13,2.11138E+13,2.11502E+13
GDP (current US$),NY.GDP.MKTP.CD,East Asia & Pacific (IDA & IBRD countries),TEA,6.66024E+11,1.73414E+12,1.27845E+13,1.33069E+13,1.35979E+13,1.48628E+13,1.66199E+13,1.7192E+13,1.74658E+13,2.08143E+13,2.10877E+13,2.11241E+13
GDP (current US$),NY.GDP.MKTP.CD,Euro area,EMU,5.90978E+12,6.51763E+12,1.35701E+13,1.17271E+13,1.20259E+13,1.27369E+13,1.37611E+13,1.34811E+13,1.31552E+13,1.47546E+13,1.42243E+13,1.55449E+13
GDP (current US$),NY.GDP.MKTP.CD,Europe & Central Asia,ECS,8.86897E+12,1.00659E+13,2.37844E+13,2.04815E+13,2.04086E+13,2.16528E+13,2.31887E+13,2.29082E+13,2.21565E+13,2.53314E+13,2.53893E+13,2.72406E+13
GDP (current US$),NY.GDP.MKTP.CD,Europe & Central Asia (excluding high income),ECA,3.46941E+11,3.90255E+11,1.72971E+12,1.50765E+12,1.4474E+12,1.48511E+12,1.45998E+12,1.48877E+12,1.42833E+12,1.65944E+12,1.80304E+12,2.09835E+12
GDP (current US$),NY.GDP.MKTP.CD,Europe & Central Asia (IDA & IBRD countries),TEC,1.0167E+12,8.94544E+11,4.6444E+12,3.62795E+12,3.4862E+12,3.90973E+12,4.07764E+12,4.15971E+12,3.9008E+12,4.62363E+12,5.22007E+12,5.46628E+12
GDP (current US$),NY.GDP.MKTP.CD,European Union,EUU,6.50987E+12,7.27639E+12,1.56514E+13,1.35539E+13,1.38888E+13,1.47659E+13,1.59814E+13,1.56941E+13,1.53814E+13,1.73151E+13,1.67615E+13,1.83494E+13
GDP (current US$),NY.GDP.MKTP.CD,Fragile and conflict affected situations,FCS,5.50432E+11,4.68036E+11,2.05379E+12,1.61732E+12,1.49063E+12,1.54971E+12,1.73518E+12,1.84215E+12,1.69093E+12,1.79627E+12,1.95001E+12,1.9068E+12
GDP (current US$),NY.GDP.MKTP.CD,Heavily indebted poor countries (HIPC),HPC,1.67698E+11,1.81381E+11,6.94344E+11,6.67302E+11,6.74512E+11,7.24758E+11,7.74607E+11,8.03356E+11,8.1136E+11,9.02263E+11,9.81675E+11,1.13047E+12
GDP (current US$),NY.GDP.MKTP.CD,High income,HIC,1.9577E+13,2.80367E+13,5.33102E+13,4.97731E+13,5.07372E+13,5.33368E+13,5.66846E+13,5.72183E+13,5.57911E+13,6.2461E+13,6.44444E+13,6.76537E+13
GDP (current US$),NY.GDP.MKTP.CD,IBRD only,IBD,3.5603E+12,5.87325E+12,2.75928E+13,2.58384E+13,2.60278E+13,2.87452E+13,3.05793E+13,3.12466E+13,3.01039E+13,3.57404E+13,3.77332E+13,3.8733E+13
GDP (current US$),NY.GDP.MKTP.CD,IDA & IBRD total,IBT,3.93824E+12,6.39053E+12,2.98009E+13,2.79873E+13,2.81695E+13,3.09601E+13,3.29641E+13,3.37224E+13,3.25286E+13,3.8379E+13,4.0567E+13,4.15597E+13
GDP (current US$),NY.GDP.MKTP.CD,IDA blend,IDB,1.4783E+11,2.26799E+11,1.11056E+12,1.05406E+12,9.84096E+11,9.67438E+11,1.05691E+12,1.07775E+12,1.00947E+12,1.1046E+12,1.18366E+12,1.04402E+12
GDP (current US$),NY.GDP.MKTP.CD,IDA only,IDX,2.32816E+11,2.91558E+11,1.09755E+12,1.09364E+12,1.15661E+12,1.24773E+12,1.32789E+12,1.39767E+12,1.41456E+12,1.53539E+12,1.65136E+12,1.78607E+12
GDP (current US$),NY.GDP.MKTP.CD,IDA total,IDA,3.78857E+11,5.17721E+11,2.20811E+12,2.1477E+12,2.1407E+12,2.21517E+12,2.3848E+12,2.47542E+12,2.42403E+12,2.63999E+12,2.835E+12,2.82804E+12
GDP (current US$),NY.GDP.MKTP.CD,Late-demographic dividend,LTE,1.96614E+12,3.41031E+12,1.97763E+13,1.85509E+13,1.85936E+13,2.06311E+13,2.26236E+13,2.30502E+13,2.25312E+13,2.68728E+13,2.80626E+13,2.83414E+13
GDP (current US$),NY.GDP.MKTP.CD,Latin America & Caribbean,LCN,1.10212E+12,2.32617E+12,6.4832E+12,5.41829E+12,5.28331E+12,5.86648E+12,5.74264E+12,5.65997E+12,4.80492E+12,5.578E+12,6.34168E+12,7.09433E+12
GDP (current US$),NY.GDP.MKTP.CD,Latin America & Caribbean (excluding high income),LAC,9.57594E+11,2.0015E+12,5.45729E+12,4.63456E+12,4.49698E+12,5.01288E+12,4.8704E+12,4.80455E+12,4.04682E+12,4.69074E+12,5.38951E+12,6.05058E+12
GDP (current US$),NY.GDP.MKTP.CD,Latin America & the Caribbean (IDA & IBRD countries),TLA,1.0346E+12,2.21479E+12,6.27084E+12,5.19484E+12,5.0537E+12,5.63195E+12,5.50607E+12,5.41399E+12,4.5613E+12,5.31034E+12,6.04525E+12,6.77278E+12
GDP (current US$),NY.GDP.MKTP.CD,Least developed countries: UN classification,LDC,1.88378E+11,2.24221E+11,9.59618E+11,9.20865E+11,9.36562E+11,1.02506E+12,1.09042E+12,1.1505E+12,1.16202E+12,1.26674E+12,1.42462E+12,1.50425E+12
GDP (current US$),NY.GDP.MKTP.CD,Low & middle income,LMY,3.19421E+12,5.68027E+12,2.61018E+13,2.53265E+13,2.55866E+13,2.79333E+13,2.97037E+13,3.04245E+13,2.94919E+13,3.4735E+13,3.64386E+13,3.74252E+13
GDP (current US$),NY.GDP.MKTP.CD,Low income,LIC,1.34347E+11,1.23909E+11,4.22084E+11,4.16121E+11,3.83742E+11,4.01921E+11,4.18228E+11,4.45278E+11,4.39782E+11,4.66421E+11,5.30579E+11,6.46798E+11
GDP (current US$),NY.GDP.MKTP.CD,Lower middle income,LMC,7.3371E+11,1.18553E+12,5.0904E+12,5.0837E+12,5.29756E+12,5.69307E+12,5.97974E+12,6.27811E+12,6.08179E+12,6.89434E+12,7.3411E+12,7.38475E+12
GDP (current US$),NY.GDP.MKTP.CD,Middle East & North Africa,MEA,7.45103E+11,9.92556E+11,3.62762E+12,3.20101E+12,3.23426E+12,3.372E+12,3.53806E+12,3.54995E+12,3.19908E+12,3.78028E+12,4.49712E+12,4.28768E+12
GDP (current US$),NY.GDP.MKTP.CD,Middle East & North Africa (excluding high income),MNA,5.04676E+11,4.74549E+11,1.62599E+12,1.46058E+12,1.49671E+12,1.49669E+12,1.42148E+12,1.43313E+12,1.32436E+12,1.5353E+12,1.7601E+12,1.64655E+12
GDP (current US$),NY.GDP.MKTP.CD,Middle East & North Africa (IDA & IBRD countries),TMN,5.00008E+11,4.70236E+11,1.612E+12,1.44661E+12,1.48131E+12,1.48056E+12,1.40521E+12,1.416E+12,1.30883E+12,1.51719E+12,1.74095E+12,1.62917E+12
GDP (current US$),NY.GDP.MKTP.CD,Middle income,MIC,3.06962E+12,5.55788E+12,2.56807E+13,2.49117E+13,2.52026E+13,2.75303E+13,2.9284E+13,2.99785E+13,2.90517E+13,3.42661E+13,3.59079E+13,3.67869E+13
GDP (current US$),NY.GDP.MKTP.CD,North America,NAC,6.56081E+12,1.09992E+13,1.94203E+13,1.98582E+13,2.03398E+13,2.12685E+13,2.23891E+13,2.32725E+13,2.29855E+13,2.56088E+13,2.79134E+13,2.95093E+13
GDP (current US$),NY.GDP.MKTP.CD,OECD members,OED,1.8847E+13,2.76696E+13,5.03869E+13,4.75367E+13,4.84606E+13,5.06107E+13,5.3526E+13,5.4053E+13,5.28529E+13,5.88998E+13,6.01701E+13,6.40989E+13
GDP (current US$),NY.GDP.MKTP.CD,Other small states,OSS,33890663891,55909436459,1.67893E+11,1.51722E+11,1.592E+11,1.76977E+11,1.9385E+11,1.95442E+11,1.78185E+11,2.08007E+11,2.23331E+11,2.34402E+11
GDP (current US$),NY.GDP.MKTP.CD,Pacific island small states,PSS,2385286558,3448222601,9290027187,9082590663,9532201526,10290482444,10791457053,10729092905,9505064736,9493809707,10316299127,11232231820
GDP (current US$),NY.GDP.MKTP.CD,Post-demographic dividend,PST,1.84362E+13,2.63988E+13,4.72073E+13,4.46698E+13,4.56934E+13,4.76671E+13,5.05043E+13,5.10188E+13,5.00049E+13,5.55888E+13,5.65642E+13,5.98518E+13
GDP (current US$),NY.GDP.MKTP.CD,Pre-demographic dividend,PRE,4.11261E+11,2.82743E+11,1.53554E+12,1.30583E+12,1.16317E+12,1.21461E+12,1.35336E+12,1.42716E+12,1.30958E+12,1.43582E+12,1.63959E+12,1.56253E+12
GDP (current US$),NY.GDP.MKTP.CD,Small states,SST,44747769952,76825026680,2.10645E+11,1.95343E+11,2.02184E+11,2.2219E+11,2.40867E+11,2.43792E+11,2.19068E+11,2.54207E+11,2.81851E+11,2.98978E+11
GDP (current US$),NY.GDP.MKTP.CD,South Asia,SAS,4.06963E+11,6.47682E+11,2.61492E+12,2.73362E+12,3.01104E+12,3.43392E+12,3.53407E+12,3.65821E+12,3.49312E+12,4.07988E+12,4.32729E+12,4.47557E+12
GDP (current US$),NY.GDP.MKTP.CD,South Asia (IDA & IBRD),TSA,4.06963E+11,6.47682E+11,2.61492E+12,2.73362E+12,3.01104E+12,3.43392E+12,3.53407E+12,3.65821E+12,3.49312E+12,4.07988E+12,4.32729E+12,4.47557E+12
GDP (current US$),NY.GDP.MKTP.CD,Sub-Saharan Africa,SSF,3.73699E+11,4.28346E+11,1.87428E+12,1.66866E+12,1.52201E+12,1.62586E+12,1.78091E+12,1.83046E+12,1.71622E+12,1.93277E+12,2.0611E+12,2.03275E+12
GDP (current US$),NY.GDP.MKTP.CD,Sub-Saharan Africa (excluding high income),SSA,3.7331E+11,4.27688E+11,1.87289E+12,1.66723E+12,1.52044E+12,1.62418E+12,1.77912E+12,1.82859E+12,1.71484E+12,1.93128E+12,2.05904E+12,2.03061E+12
GDP (current US$),NY.GDP.MKTP.CD,Sub-Saharan Africa (IDA & IBRD countries),TSS,3.73699E+11,4.28346E+11,1.87428E+12,1.66866E+12,1.52201E+12,1.62586E+12,1.78091E+12,1.83046E+12,1.71622E+12,1.93277E+12,2.0611E+12,2.03275E+12
GDP (current US$),NY.GDP.MKTP.CD,Upper middle income,UMC,2.33419E+12,4.37232E+12,2.05903E+13,1.9828E+13,1.9905E+13,2.18373E+13,2.33043E+13,2.37004E+13,2.29699E+13,2.7373E+13,2.85676E+13,2.94037E+13
,,,,,,,,,,,,,,,
,,,,,,,,,,,,,,,
,,,,,,,,,,,,,,,
Data from database: World Development Indicators,,,,,,,,,,,,,,,
Last Updated: 11/13/2024,,,,,,,,,,,,,,,
